model,experiment_name,class,precision,recall,map50,map50_95
yolo11n.pt,yolo11n_v1,person,0.8113207547169812,0.899581589958159,0.864431589038432,0.493082471431156
yolo11n.pt,yolo11n_v1,helmet,0.7788018433179723,0.8407960199004975,0.8130223761951816,0.4212507382928356
yolo11n.pt,yolo11n_v1,no_helmet,0.56,0.6222222222222222,0.5283643365448625,0.15264072105452375
yolo11s.pt,yolo11s_v1,person,0.7827715355805244,0.8744769874476988,0.8278769063656908,0.4507303215991497
yolo11s.pt,yolo11s_v1,helmet,0.7453703703703703,0.8009950248756219,0.7652657327654472,0.4079116209819638
yolo11s.pt,yolo11s_v1,no_helmet,0.7647058823529411,0.28888888888888886,0.25574272133095666,0.08417862448009507
yolo11m.pt,yolo11m_v1,person,0.8382022487675256,0.8670415220191996,0.83604893118706,0.47522967933089333
yolo11m.pt,yolo11m_v1,helmet,0.8999104131468305,0.8051723359842115,0.7737306766053473,0.3897778010942077
yolo11m.pt,yolo11m_v1,no_helmet,0.5047518140306438,0.4,0.33656090035695296,0.11874430932128299
